state,year,hours,employment,output,pay,avg_hours,,,,
Alabama,2007,3150,1787,132404,25.1,1763,,,,
Alabama,2008,2999,1729,132652,26.29,1735,,,,
Alabama,2009,2715,1626,127060,27.84,1670,,,,
Alabama,2010,2728,1619,132751,28.22,1685,,,,
Alabama,2011,2738,1615,138613,28.79,1695,,,,
Alabama,2012,2833,1634,143857,28.46,1734,,,,
Alabama,2013,2881,1655,147687,28.77,1740,,,,
Alabama,2014,2849,1668,150058,30.08,1708,,,,
Alabama,2015,2898,1690,153552,30.78,1715,,,,
Alabama,2016,2965,1724,158262,31.07,1720,,,,
Alabama,2017,2980,1747,164433,32.17,1706,,,,
Alabama,2018,3024,1773,172039,33.26,1706,,,,
Alabama,2019,3049,1800,177817,34.4,1694,,,,
Alabama,2020,2921,1723,172822,36.65,1695,,,,
Alabama,2021,3019,1776,190543,38.55,1700,,,,
Alaska,2007,468,273,39184,32.79,1714,,,,
Alaska,2008,463,273,44391,34.37,1696,,,,
Alaska,2009,453,265,38583,35.63,1711,,,,
Alaska,2010,460,269,41486,35.83,1709,,,,
Alaska,2011,488,277,44349,36.07,1762,,,,
Alaska,2012,482,279,45345,37.97,1729,,,,
Alaska,2013,488,285,44460,39.44,1710,,,,
Alaska,2014,474,285,43364,41.24,1662,,,,
Alaska,2015,475,282,38358,42.46,1684,,,,
Alaska,2016,462,279,37211,41.64,1659,,,,
Alaska,2017,459,274,39426,41.1,1675,,,,
Alaska,2018,464,276,40415,42.85,1681,,,,
Alaska,2019,479,281,40150,44.12,1701,,,,
Alaska,2020,426,254,35060,47.94,1677,,,,
Alaska,2021,440,263,39764,48.65,1674,,,,
Arizona,2007,4245,2495,204491,29.59,1702,,,,
Arizona,2008,4098,2428,200620,30.87,1688,,,,
Arizona,2009,3802,2258,186235,31.07,1683,,,,
Arizona,2010,3770,2223,190441,31.18,1696,,,,
Arizona,2011,3773,2229,199607,32.25,1692,,,,
Arizona,2012,3845,2275,209701,32.99,1690,,,,
Arizona,2013,3915,2350,213946,33.66,1666,,,,
Arizona,2014,3969,2387,222789,34.67,1663,,,,
Arizona,2015,4134,2456,233180,35.06,1683,,,,
Arizona,2016,4199,2538,244627,35.92,1654,,,,
Arizona,2017,4363,2592,259180,36.87,1683,,,,
Arizona,2018,4522,2676,275853,38.22,1690,,,,
Arizona,2019,4620,2758,293052,39.73,1675,,,,
Arizona,2020,4494,2680,293437,42.77,1677,,,,
Arizona,2021,4663,2790,328590,45.22,1671,,,,
Arkansas,2007,1837,1094,77123,25.11,1680,,,,
Arkansas,2008,1837,1088,78193,25.59,1688,,,,
Arkansas,2009,1721,1025,75847,26.64,1678,,,,
Arkansas,2010,1713,1017,79394,26.9,1685,,,,
Arkansas,2011,1754,1040,82963,27.52,1687,,,,
Arkansas,2012,1757,1040,84943,28.76,1690,,,,
Arkansas,2013,1739,1034,87974,29.28,1683,,,,
Arkansas,2014,1754,1041,91163,30.01,1685,,,,
Arkansas,2015,1785,1075,92789,30.83,1661,,,,
Arkansas,2016,1812,1096,94374,31.09,1654,,,,
Arkansas,2017,1869,1109,96695,31.53,1684,,,,
Arkansas,2018,1896,1120,100733,32.07,1693,,,,
Arkansas,2019,1918,1137,104627,32.99,1687,,,,
Arkansas,2020,1835,1107,104090,35.25,1658,,,,
Arkansas,2021,1940,1159,116032,37.04,1675,,,,
California,2007,25100,14968,1487825,37.13,1677,,,,
California,2008,24276,14643,1508349,38.06,1658,,,,
California,2009,22380,13680,1446739,38.51,1636,,,,
California,2010,22333,13567,1500921,39.51,1646,,,,
California,2011,22781,13741,1561196,40.68,1658,,,,
California,2012,23348,14122,1649980,42.23,1653,,,,
California,2013,24193,14561,1739613,42.62,1661,,,,
California,2014,24907,14993,1834114,43.99,1661,,,,
California,2015,25692,15363,1956767,45.63,1672,,,,
California,2016,26263,15797,2035916,46.67,1663,,,,
California,2017,26868,16139,2180421,48.64,1665,,,,
California,2018,27540,16488,2322210,50.43,1670,,,,
California,2019,27479,16594,2459669,52.87,1656,,,,
California,2020,25084,15114,2404964,58.27,1660,,,,
California,2021,26423,15876,2729410,63.91,1664,,,,
Colorado,2007,3673,2187,197723,33.3,1679,,,,
Colorado,2008,3673,2190,204387,34.24,1677,,,,
Colorado,2009,3388,2061,195457,35.15,1644,,,,
Colorado,2010,3349,2033,200745,35.94,1647,,,,
Colorado,2011,3425,2074,208282,36.48,1652,,,,
Colorado,2012,3547,2116,217520,37.26,1676,,,,
Colorado,2013,3634,2176,230942,37.89,1670,,,,
Colorado,2014,3724,2241,246159,39.57,1662,,,,
Colorado,2015,3773,2311,253526,41,1633,,,,
Colorado,2016,3824,2362,259874,41.77,1619,,,,
Colorado,2017,3903,2424,275587,43.69,1610,,,,
Colorado,2018,4050,2504,294616,45.22,1617,,,,
Colorado,2019,4073,2543,311117,48.04,1602,,,,
Colorado,2020,3850,2408,298847,51.33,1599,,,,
Colorado,2021,4065,2540,334380,54.48,1600,,,,
Connecticut,2007,2630,1590,196164,43.29,1654,,,,
Connecticut,2008,2571,1572,196795,44.18,1636,,,,
Connecticut,2009,2407,1516,191353,44.89,1587,,,,
Connecticut,2010,2407,1500,192321,45.91,1604,,,,
Connecticut,2011,2478,1515,190593,46.1,1636,,,,
Connecticut,2012,2526,1538,198375,46.69,1642,,,,
Connecticut,2013,2484,1537,198196,47.35,1616,,,,
Connecticut,2014,2525,1557,202037,48.36,1622,,,,
Connecticut,2015,2534,1572,213940,49.49,1612,,,,
Connecticut,2016,2594,1602,217840,49.64,1620,,,,
Connecticut,2017,2544,1573,225251,50.01,1617,,,,
Connecticut,2018,2593,1595,233704,50.76,1626,,,,
Connecticut,2019,2572,1591,240827,52.55,1617,,,,
Connecticut,2020,2426,1488,228981,56.39,1631,,,,
Connecticut,2021,2511,1539,247744,58.8,1632,,,,
Delaware,2007,664,401,47291,34.75,1657,,,,
Delaware,2008,649,398,45440,35.51,1631,,,,
Delaware,2009,592,375,47405,36.51,1577,,,,
Delaware,2010,578,369,47664,37.72,1569,,,,
Delaware,2011,599,374,50557,38.55,1604,,,,
Delaware,2012,606,380,51600,39.48,1594,,,,
Delaware,2013,611,388,50571,40.21,1577,,,,
Delaware,2014,626,394,57055,40.98,1589,,,,
Delaware,2015,645,402,60661,40.99,1602,,,,
Delaware,2016,657,409,57907,40.72,1605,,,,
Delaware,2017,651,410,56675,42.54,1590,,,,
Delaware,2018,663,417,59756,43.24,1589,,,,
Delaware,2019,668,422,64029,44.62,1584,,,,
Delaware,2020,608,392,62477,48.38,1553,,,,
Delaware,2021,640,405,66889,50.28,1580,,,,
District of Columbia,2007,846,484,58137,46.46,1748,,,,
District of Columbia,2008,838,487,61459,48.43,1721,,,,
District of Columbia,2009,836,480,60317,47.81,1741,,,,
District of Columbia,2010,821,484,62830,50.4,1695,,,,
District of Columbia,2011,849,496,65375,51.29,1711,,,,
District of Columbia,2012,871,506,67729,51.43,1721,,,,
District of Columbia,2013,900,521,69815,51.28,1727,,,,
District of Columbia,2014,920,529,72982,52.85,1740,,,,
District of Columbia,2015,925,542,77098,55.09,1708,,,,
District of Columbia,2016,948,556,80473,55.85,1705,,,,
District of Columbia,2017,957,563,82981,57.8,1700,,,,
District of Columbia,2018,968,575,87272,60.51,1684,,,,
District of Columbia,2019,983,580,90819,62.04,1694,,,,
District of Columbia,2020,893,522,89466,68.3,1709,,,,
District of Columbia,2021,884,518,94163,72.55,1707,,,,
Florida,2007,12827,7484,602410,28.62,1714,,,,
Florida,2008,12129,7108,579875,29.53,1706,,,,
Florida,2009,11239,6633,553331,29.85,1694,,,,
Florida,2010,11248,6562,567337,30.07,1714,,,,
Florida,2011,11206,6652,578703,31.04,1685,,,,
Florida,2012,11337,6819,599500,32.37,1663,,,,
Florida,2013,11804,7070,627955,32.75,1669,,,,
Florida,2014,12236,7326,662852,33.41,1670,,,,
Florida,2015,12614,7590,711813,34.59,1662,,,,
Florida,2016,12960,7870,749212,35.35,1647,,,,
Florida,2017,13267,7989,789180,36.34,1661,,,,
Florida,2018,13939,8274,837912,37.22,1685,,,,
Florida,2019,14013,8438,887871,39.13,1661,,,,
Florida,2020,13077,7935,866904,42.07,1648,,,,
Florida,2021,14270,8524,978210,44.99,1674,,,,
Georgia,2007,6493,3773,334793,30.41,1721,,,,
Georgia,2008,6316,3715,328737,31.18,1700,,,,
Georgia,2009,5832,3484,319971,32.4,1674,,,,
Georgia,2010,5744,3423,327865,32.72,1678,,,,
Georgia,2011,5845,3482,340382,33.7,1679,,,,
Georgia,2012,6019,3550,355247,34.35,1696,,,,
Georgia,2013,6088,3588,371446,34.94,1697,,,,
Georgia,2014,6345,3730,395017,35.81,1701,,,,
Georgia,2015,6493,3824,421009,36.77,1698,,,,
Georgia,2016,6661,3965,446264,37.82,1680,,,,
Georgia,2017,6830,4071,467837,39,1678,,,,
Georgia,2018,6927,4112,491570,39.98,1685,,,,
Georgia,2019,7042,4196,523550,41.34,1678,,,,
Georgia,2020,6602,3971,505334,44.43,1663,,,,
Georgia,2021,7074,4221,559864,46.81,1676,,,,
Hawaii,2007,890,560,44290,29.72,1589,,,,
Hawaii,2008,885,554,44514,30.67,1598,,,,
Hawaii,2009,822,519,42850,30.97,1583,,,,
Hawaii,2010,827,513,44433,31.25,1613,,,,
Hawaii,2011,840,514,46111,31.57,1633,,,,
Hawaii,2012,887,534,48656,31.69,1661,,,,
Hawaii,2013,881,543,50874,33.04,1623,,,,
Hawaii,2014,914,556,52393,33.41,1643,,,,
Hawaii,2015,917,563,55763,34.98,1628,,,,
Hawaii,2016,917,572,57780,36.51,1604,,,,
Hawaii,2017,920,572,60628,37.41,1608,,,,
Hawaii,2018,925,579,63682,38.97,1598,,,,
Hawaii,2019,920,579,65065,40.49,1589,,,,
Hawaii,2020,758,482,55710,44.46,1572,,,,
Hawaii,2021,816,512,62066,46.52,1595,,,,
Idaho,2007,1026,621,39669,25.79,1652,,,,
Idaho,2008,990,599,41092,26.25,1653,,,,
Idaho,2009,893,552,39530,26.65,1618,,,,
Idaho,2010,891,553,40731,27.51,1613,,,,
Idaho,2011,916,562,41397,27.34,1632,,,,
Idaho,2012,914,569,42476,27.68,1607,,,,
Idaho,2013,923,582,45186,28.98,1584,,,,
Idaho,2014,955,595,47536,29.33,1605,,,,
Idaho,2015,996,617,48849,29.94,1614,,,,
Idaho,2016,1006,635,51420,31.05,1585,,,,
Idaho,2017,1063,653,53801,31.75,1628,,,,
Idaho,2018,1104,672,58326,32.71,1643,,,,
Idaho,2019,1124,696,62405,34.28,1616,,,,
Idaho,2020,1137,703,63142,36.54,1616,,,,
Idaho,2021,1209,747,72456,39.21,1618,,,,
Illinois,2007,9104,5492,532355,36.25,1658,,,,
Illinois,2008,8921,5392,528524,37.14,1654,,,,
Illinois,2009,8433,5114,522702,36.99,1649,,,,
Illinois,2010,8432,5082,536169,37.45,1659,,,,
Illinois,2011,8574,5149,560541,38.49,1665,,,,
Illinois,2012,8747,5236,594876,39.41,1671,,,,
Illinois,2013,8766,5280,601028,39.99,1660,,,,
Illinois,2014,8902,5364,632418,40.84,1660,,,,
Illinois,2015,9062,5471,662471,42.31,1657,,,,
Illinois,2016,8997,5494,666988,43.14,1638,,,,
Illinois,2017,9074,5532,682925,44.49,1640,,,,
Illinois,2018,9218,5598,719205,45.96,1647,,,,
Illinois,2019,9146,5603,740477,47.55,1632,,,,
Illinois,2020,8546,5187,706755,50.18,1648,,,,
Illinois,2021,8800,5326,778025,53.02,1652,,,,
Indiana,2007,4677,2734,228781,28.11,1710,,,,
Indiana,2008,4495,2661,228745,29.2,1689,,,,
Indiana,2009,4165,2505,216048,29.12,1663,,,,
Indiana,2010,4234,2504,234761,29.59,1691,,,,
Indiana,2011,4310,2558,241735,30.31,1685,,,,
Indiana,2012,4344,2585,250952,31.58,1681,,,,
Indiana,2013,4433,2661,259316,31.94,1666,,,,
Indiana,2014,4525,2702,274441,32.67,1675,,,,
Indiana,2015,4650,2774,279061,33.46,1676,,,,
Indiana,2016,4684,2802,286505,34.19,1672,,,,
Indiana,2017,4766,2828,296257,34.88,1685,,,,
Indiana,2018,4791,2856,313720,36.21,1677,,,,
Indiana,2019,4864,2889,320553,37.02,1684,,,,
Indiana,2020,4595,2731,311379,39.41,1682,,,,
Indiana,2021,4861,2874,352323,41.59,1691,,,,
Iowa,2007,2291,1383,108765,26.62,1657,,,,
Iowa,2008,2241,1368,106385,27.84,1638,,,,
Iowa,2009,2137,1331,105838,28.36,1605,,,,
Iowa,2010,2189,1333,110171,28.26,1642,,,,
Iowa,2011,2196,1343,111748,29.08,1634,,,,
Iowa,2012,2258,1363,121262,29.95,1657,,,,
Iowa,2013,2286,1378,121734,30.1,1659,,,,
Iowa,2014,2348,1385,133322,30.84,1695,,,,
Iowa,2015,2367,1416,141714,32.1,1671,,,,
Iowa,2016,2358,1422,142897,33.07,1658,,,,
Iowa,2017,2359,1415,143865,34.03,1667,,,,
Iowa,2018,2354,1416,149378,35.29,1662,,,,
Iowa,2019,2379,1434,153058,36.25,1659,,,,
Iowa,2020,2236,1353,153238,38.79,1653,,,,
Iowa,2021,2287,1373,167184,40.25,1666,,,,
Kansas,2007,2059,1237,96518,28.43,1665,,,,
Kansas,2008,2087,1245,99693,29.32,1676,,,,
Kansas,2009,1957,1193,95904,29.61,1641,,,,
Kansas,2010,1914,1167,97865,30.58,1640,,,,
Kansas,2011,1953,1184,103170,30.98,1650,,,,
Kansas,2012,2008,1198,109003,31.27,1676,,,,
Kansas,2013,2002,1212,109439,32.38,1652,,,,
Kansas,2014,2024,1217,116879,33.06,1664,,,,
Kansas,2015,2047,1244,122129,34.57,1646,,,,
Kansas,2016,2001,1231,126583,35.05,1625,,,,
Kansas,2017,2030,1244,131043,35.69,1633,,,,
Kansas,2018,2034,1242,137037,36.92,1639,,,,
Kansas,2019,2058,1249,140381,37.91,1648,,,,
Kansas,2020,1937,1185,138601,40.82,1635,,,,
Kansas,2021,1972,1203,150164,42.67,1640,,,,
Kentucky,2007,2986,1684,122829,25.05,1773,,,,
Kentucky,2008,2915,1669,124362,26.09,1747,,,,
Kentucky,2009,2680,1568,121042,27.14,1709,,,,
Kentucky,2010,2665,1568,128334,27.82,1699,,,,
Kentucky,2011,2657,1582,132517,28.91,1679,,,,
Kentucky,2012,2670,1593,138628,30.01,1676,,,,
Kentucky,2013,2675,1602,142502,29.98,1670,,,,
Kentucky,2014,2735,1634,146768,30.62,1674,,,,
Kentucky,2015,2837,1672,151919,31.38,1697,,,,
Kentucky,2016,2873,1703,155371,32.06,1687,,,,
Kentucky,2017,2906,1718,159679,32.97,1692,,,,
Kentucky,2018,2898,1728,165009,34.07,1677,,,,
Kentucky,2019,2917,1724,172081,35.12,1692,,,,
Kentucky,2020,2780,1644,168157,37.4,1691,,,,
Kentucky,2021,2896,1710,187318,39.45,1694,,,,
Louisiana,2007,2975,1717,174517,27.85,1733,,,,
Louisiana,2008,2996,1691,180514,28.71,1772,,,,
Louisiana,2009,2895,1662,168130,29.23,1741,,,,
Louisiana,2010,2895,1654,186779,29.86,1750,,,,
Louisiana,2011,2881,1661,190154,30.16,1735,,,,
Louisiana,2012,2976,1705,195314,31.13,1745,,,,
Louisiana,2013,2999,1748,190408,32,1715,,,,
Louisiana,2014,3109,1785,200847,32.72,1741,,,,
Louisiana,2015,3083,1787,194670,33.47,1726,,,,
Louisiana,2016,2993,1772,186479,34.09,1689,,,,
Louisiana,2017,3055,1790,199896,34.41,1707,,,,
Louisiana,2018,3125,1807,212380,35.12,1730,,,,
Louisiana,2019,3122,1799,210198,35.78,1736,,,,
Louisiana,2020,2818,1645,190204,38.13,1713,,,,
Louisiana,2021,2879,1699,208283,40.52,1695,,,,
Maine,2007,972,592,38416,26.68,1641,,,,
Maine,2008,964,584,38585,27.37,1651,,,,
Maine,2009,903,564,38677,28.28,1601,,,,
Maine,2010,906,557,39570,28.45,1628,,,,
Maine,2011,908,556,39889,28.81,1632,,,,
Maine,2012,925,565,40996,29.27,1638,,,,
Maine,2013,931,571,41680,29.86,1631,,,,
Maine,2014,926,569,43188,30.54,1630,,,,
Maine,2015,974,590,44809,31.3,1651,,,,
Maine,2016,976,599,46434,32.14,1631,,,,
Maine,2017,984,604,48499,33.17,1629,,,,
Maine,2018,990,601,50997,34.3,1647,,,,
Maine,2019,983,603,53412,36.15,1630,,,,
Maine,2020,905,565,53199,39.48,1601,,,,
Maine,2021,957,589,59178,41.5,1625,,,,
Maryland,2007,3864,2305,200898,33.75,1676,,,,
Maryland,2008,3814,2290,206099,34.79,1665,,,,
Maryland,2009,3642,2199,207690,35.81,1656,,,,
Maryland,2010,3574,2170,218556,36.98,1647,,,,
Maryland,2011,3668,2212,226281,37.74,1658,,,,
Maryland,2012,3661,2237,232292,38.91,1636,,,,
Maryland,2013,3668,2254,237740,39.17,1627,,,,
Maryland,2014,3717,2261,247116,39.91,1644,,,,
Maryland,2015,3786,2293,261813,40.91,1651,,,,
Maryland,2016,3835,2327,277898,41.83,1648,,,,
Maryland,2017,3951,2387,286842,42.55,1655,,,,
Maryland,2018,4036,2422,294185,43.44,1667,,,,
Maryland,2019,3982,2426,301480,45.11,1642,,,,
Maryland,2020,3660,2230,287102,49.01,1641,,,,
Maryland,2021,3767,2313,310204,51.99,1629,,,,
Massachusetts,2007,5040,3112,306902,41.48,1620,,,,
Massachusetts,2008,5066,3129,312860,42.5,1619,,,,
Massachusetts,2009,4830,3014,312981,42.18,1602,,,,
Massachusetts,2010,4883,3033,331332,43.5,1610,,,,
Massachusetts,2011,4913,3096,342529,45.73,1587,,,,
Massachusetts,2012,4998,3151,361771,46.93,1586,,,,
Massachusetts,2013,5040,3153,370557,46.98,1599,,,,
Massachusetts,2014,5151,3219,384245,48.37,1600,,,,
Massachusetts,2015,5236,3254,410911,50,1609,,,,
Massachusetts,2016,5342,3318,425317,50.55,1610,,,,
Massachusetts,2017,5433,3380,440284,52.58,1607,,,,
Massachusetts,2018,5486,3413,467592,55.05,1607,,,,
Massachusetts,2019,5536,3476,493225,57.58,1593,,,,
Massachusetts,2020,5045,3140,482304,62.62,1607,,,,
Massachusetts,2021,5298,3289,533658,65.65,1611,,,,
Michigan,2007,6563,3907,331096,31.84,1680,,,,
Michigan,2008,6204,3780,310723,32.91,1641,,,,
Michigan,2009,5565,3477,289409,33.35,1601,,,,
Michigan,2010,5625,3479,309565,33.38,1617,,,,
Michigan,2011,5906,3590,324100,33.78,1645,,,,
Michigan,2012,6037,3653,343460,34.36,1652,,,,
Michigan,2013,6165,3745,356016,34.49,1646,,,,
Michigan,2014,6284,3793,369844,35.21,1657,,,,
Michigan,2015,6489,3907,390510,36.39,1661,,,,
Michigan,2016,6604,3986,405045,37.24,1657,,,,
Michigan,2017,6666,4010,413665,38.47,1662,,,,
Michigan,2018,6773,4060,429585,39.52,1669,,,,
Michigan,2019,6697,4069,438263,40.95,1646,,,,
Michigan,2020,5996,3684,418264,44.44,1628,,,,
Michigan,2021,6318,3835,466644,46.03,1648,,,,
Minnesota,2007,4133,2548,211604,33.38,1622,,,,
Minnesota,2008,4067,2526,213155,34.88,1610,,,,
Minnesota,2009,3768,2411,208913,35.19,1562,,,,
Minnesota,2010,3802,2392,219381,36.12,1589,,,,
Minnesota,2011,3916,2440,230589,37,1605,,,,
Minnesota,2012,3995,2479,239446,37.29,1612,,,,
Minnesota,2013,4055,2506,250583,37.65,1618,,,,
Minnesota,2014,4166,2552,264329,38.64,1633,,,,
Minnesota,2015,4268,2607,273829,39.79,1637,,,,
Minnesota,2016,4330,2649,283770,40.39,1635,,,,
Minnesota,2017,4394,2687,292189,41.78,1635,,,,
Minnesota,2018,4406,2707,308636,43.41,1628,,,,
Minnesota,2019,4437,2749,316907,45.03,1614,,,,
Minnesota,2020,4199,2572,306066,47.82,1632,,,,
Minnesota,2021,4318,2612,339135,49.92,1653,,,,
Mississippi,2007,1731,1002,69331,23.52,1728,,,,
Mississippi,2008,1686,984,71337,24.56,1713,,,,
Mississippi,2009,1592,931,67746,25.01,1711,,,,
Mississippi,2010,1599,920,69677,25.02,1739,,,,
Mississippi,2011,1583,917,71791,25.39,1727,,,,
Mississippi,2012,1601,929,75714,26.64,1723,,,,
Mississippi,2013,1609,936,75789,26.92,1720,,,,
Mississippi,2014,1632,945,77960,27.31,1727,,,,
Mississippi,2015,1636,960,79251,28.03,1705,,,,
Mississippi,2016,1626,965,80274,28.41,1685,,,,
Mississippi,2017,1659,982,81834,28.9,1690,,,,
Mississippi,2018,1666,991,84060,29.99,1681,,,,
Mississippi,2019,1674,993,86171,30.69,1686,,,,
Mississippi,2020,1585,952,84645,32.98,1665,,,,
Mississippi,2021,1619,975,93941,34.69,1660,,,,
Missouri,2007,4346,2605,196681,29.34,1669,,,,
Missouri,2008,4270,2549,204237,30.59,1675,,,,
Missouri,2009,3944,2419,201994,30.96,1630,,,,
Missouri,2010,3912,2388,208024,31.42,1638,,,,
Missouri,2011,4032,2422,209132,31.01,1665,,,,
Missouri,2012,4053,2438,218979,32.27,1662,,,,
Missouri,2013,4081,2461,225467,33.13,1658,,,,
Missouri,2014,4096,2487,231079,34.02,1647,,,,
Missouri,2015,4183,2559,240974,35.33,1635,,,,
Missouri,2016,4171,2590,244175,36,1610,,,,
Missouri,2017,4217,2609,250390,37.1,1616,,,,
Missouri,2018,4267,2628,259408,38.61,1624,,,,
Missouri,2019,4321,2684,270525,40.1,1610,,,,
Missouri,2020,4065,2530,265596,42.67,1607,,,,
Missouri,2021,4164,2589,291257,44.93,1608,,,,
Montana,2007,701,412,27142,22.83,1701,,,,
Montana,2008,638,408,27481,25.97,1566,,,,
Montana,2009,580,382,26349,27.09,1517,,,,
Montana,2010,606,385,27907,26.93,1576,,,,
Montana,2011,620,390,29972,27.9,1591,,,,
Montana,2012,643,401,31183,28.48,1603,,,,
Montana,2013,645,403,32096,28.86,1598,,,,
Montana,2014,645,409,33334,30.01,1577,,,,
Montana,2015,657,417,34536,31,1577,,,,
Montana,2016,669,424,33410,30.93,1579,,,,
Montana,2017,669,423,36273,32.16,1582,,,,
Montana,2018,689,431,38159,32.97,1600,,,,
Montana,2019,692,435,38737,34.18,1591,,,,
Montana,2020,668,428,37922,37.21,1562,,,,
Montana,2021,710,453,44185,39.68,1569,,,,
Nebraska,2007,1430,880,63446,27.54,1625,,,,
Nebraska,2008,1450,886,64427,28.2,1636,,,,
Nebraska,2009,1389,853,65766,28.47,1629,,,,
Nebraska,2010,1395,845,68388,28.22,1651,,,,
Nebraska,2011,1407,849,72472,28.75,1657,,,,
Nebraska,2012,1432,871,76765,30.21,1644,,,,
Nebraska,2013,1461,883,78665,30.41,1655,,,,
Nebraska,2014,1455,885,84016,31.69,1645,,,,
Nebraska,2015,1463,891,88479,32.74,1642,,,,
Nebraska,2016,1461,899,90407,33.54,1625,,,,
Nebraska,2017,1510,913,94920,34.41,1654,,,,
Nebraska,2018,1503,919,98735,36.43,1636,,,,
Nebraska,2019,1486,917,102411,38.05,1621,,,,
Nebraska,2020,1418,881,103352,40.65,1609,,,,
Nebraska,2021,1456,903,111835,42.7,1612,,,,
Nevada,2007,2184,1203,107751,27.98,1815,,,,
Nevada,2008,2131,1179,105085,28.75,1807,,,,
Nevada,2009,1837,1056,96733,29.66,1740,,,,
Nevada,2010,1733,1034,99410,30.75,1677,,,,
Nevada,2011,1755,1049,102928,30.84,1674,,,,
Nevada,2012,1763,1063,104993,31.97,1659,,,,
Nevada,2013,1774,1085,107398,32.45,1635,,,,
Nevada,2014,1830,1125,110210,33.66,1627,,,,
Nevada,2015,1921,1174,117630,34.34,1636,,,,
Nevada,2016,2002,1207,123305,34.79,1659,,,,
Nevada,2017,2080,1251,130996,35.37,1663,,,,
Nevada,2018,2152,1292,139255,36.54,1665,,,,
Nevada,2019,2255,1342,148833,37.22,1680,,,,
Nevada,2020,1987,1185,137062,40.12,1677,,,,
Nevada,2021,2181,1291,158065,42.3,1690,,,,
New Hampshire,2007,991,617,48705,33.32,1607,,,,
New Hampshire,2008,968,609,48084,34.55,1591,,,,
New Hampshire,2009,924,585,48798,35.04,1582,,,,
New Hampshire,2010,938,584,50759,35.29,1607,,,,
New Hampshire,2011,950,592,51993,36.3,1606,,,,
New Hampshire,2012,961,599,54164,36.82,1603,,,,
New Hampshire,2013,987,607,56044,36.94,1626,,,,
New Hampshire,2014,987,612,58249,38.53,1614,,,,
New Hampshire,2015,1009,620,61496,39.37,1627,,,,
New Hampshire,2016,1026,628,63971,39.74,1635,,,,
New Hampshire,2017,1037,631,65094,40.82,1643,,,,
New Hampshire,2018,1045,645,68488,42.83,1619,,,,
New Hampshire,2019,1044,649,71700,44.31,1609,,,,
New Hampshire,2020,975,599,70758,48.27,1627,,,,
New Hampshire,2021,1013,627,80125,53.88,1616,,,,
New Jersey,2007,6023,3648,378712,39.11,1651,,,,
New Jersey,2008,5947,3638,391001,40.48,1635,,,,
New Jersey,2009,5639,3468,376465,40.55,1626,,,,
New Jersey,2010,5566,3411,385200,41.19,1632,,,,
New Jersey,2011,5616,3437,390090,42.03,1634,,,,
New Jersey,2012,5694,3493,411084,43.45,1630,,,,
New Jersey,2013,5676,3495,425389,43.9,1624,,,,
New Jersey,2014,5768,3549,432074,44.87,1625,,,,
New Jersey,2015,5907,3595,451707,45.88,1643,,,,
New Jersey,2016,6033,3672,463542,45.81,1643,,,,
New Jersey,2017,6067,3710,471908,46.8,1635,,,,
New Jersey,2018,6164,3746,496701,47.86,1646,,,,
New Jersey,2019,6218,3789,518630,49.47,1641,,,,
New Jersey,2020,5660,3472,497379,54.56,1630,,,,
New Jersey,2021,6009,3656,548009,56.54,1644,,,,
New Mexico,2007,1233,740,56111,25.82,1667,,,,
New Mexico,2008,1243,727,58575,26.48,1710,,,,
New Mexico,2009,1170,690,55918,26.9,1698,,,,
New Mexico,2010,1117,666,56791,27.79,1679,,,,
New Mexico,2011,1133,675,58356,28.41,1679,,,,
New Mexico,2012,1132,678,59284,29.46,1671,,,,
New Mexico,2013,1153,687,59829,29.37,1679,,,,
New Mexico,2014,1139,688,62620,30.23,1656,,,,
New Mexico,2015,1139,692,60874,31.23,1646,,,,
New Mexico,2016,1120,695,59684,31.85,1611,,,,
New Mexico,2017,1146,710,61749,32.47,1615,,,,
New Mexico,2018,1176,725,66036,33.53,1622,,,,
New Mexico,2019,1188,729,69743,34.56,1630,,,,
New Mexico,2020,1098,679,65412,36.68,1617,,,,
New Mexico,2021,1135,697,74957,38.46,1628,,,,
New York,2007,12841,7788,900066,44.35,1649,,,,
New York,2008,12902,7833,878951,44.93,1647,,,,
New York,2009,12363,7592,920619,43.47,1628,,,,
New York,2010,12411,7583,974795,44.95,1637,,,,
New York,2011,12671,7703,995960,45.64,1645,,,,
New York,2012,12852,7834,1073881,46.44,1641,,,,
New York,2013,13119,8032,1101329,46.77,1633,,,,
New York,2014,13315,8190,1161415,48.76,1626,,,,
New York,2015,13732,8402,1216772,49.85,1634,,,,
New York,2016,13785,8512,1275720,50.52,1620,,,,
New York,2017,13876,8612,1318816,52.89,1611,,,,
New York,2018,14005,8732,1389954,54.33,1604,,,,
New York,2019,13984,8812,1462850,56.87,1587,,,,
New York,2020,12470,7870,1410769,62.69,1585,,,,
New York,2021,12984,8107,1530281,65.19,1602,,,,
North Carolina,2007,6357,3778,317668,28.92,1683,,,,
North Carolina,2008,6159,3714,328799,29.89,1658,,,,
North Carolina,2009,5661,3478,317898,30.7,1628,,,,
North Carolina,2010,5647,3430,324491,31.43,1646,,,,
North Carolina,2011,5797,3517,334549,31.77,1648,,,,
North Carolina,2012,5976,3566,347801,32.62,1676,,,,
North Carolina,2013,6030,3618,362395,32.82,1667,,,,
North Carolina,2014,6154,3689,380999,34.06,1668,,,,
North Carolina,2015,6366,3817,404192,34.98,1668,,,,
North Carolina,2016,6502,3918,420998,35.67,1660,,,,
North Carolina,2017,6594,3952,439120,36.67,1668,,,,
North Carolina,2018,6725,4043,456585,38.14,1663,,,,
North Carolina,2019,6913,4160,478523,39.42,1662,,,,
North Carolina,2020,6626,4008,470328,42.07,1653,,,,
North Carolina,2021,7023,4221,531699,44.77,1664,,,,
North Dakota,2007,494,308,20851,25.19,1604,,,,
North Dakota,2008,506,321,23065,27.14,1579,,,,
North Dakota,2009,486,312,23461,28.27,1557,,,,
North Dakota,2010,510,321,26306,29.3,1587,,,,
North Dakota,2011,571,345,31612,30.8,1659,,,,
North Dakota,2012,642,377,39726,32.8,1704,,,,
North Dakota,2013,675,391,43468,33.71,1727,,,,
North Dakota,2014,702,405,49152,35.99,1733,,,,
North Dakota,2015,670,396,44899,36.5,1693,,,,
North Dakota,2016,622,375,40553,36.12,1660,,,,
North Dakota,2017,628,372,43463,36.83,1688,,,,
North Dakota,2018,640,375,46863,38.01,1707,,,,
North Dakota,2019,646,380,47198,38.96,1700,,,,
North Dakota,2020,583,351,42294,41.01,1658,,,,
North Dakota,2021,589,354,48299,42.39,1665,,,,
Ohio,2007,8113,4971,405376,30.57,1632,,,,
Ohio,2008,7993,4898,402233,31.27,1632,,,,
Ohio,2009,7338,4618,386314,32.07,1589,,,,
Ohio,2010,7391,4577,401395,32.19,1615,,,,
Ohio,2011,7579,4651,426707,33.04,1630,,,,
Ohio,2012,7842,4766,443233,33.44,1645,,,,
Ohio,2013,7929,4819,461122,34.09,1645,,,,
Ohio,2014,8023,4880,489091,35.02,1644,,,,
Ohio,2015,8201,4983,503951,35.58,1646,,,,
Ohio,2016,8212,4979,513823,35.92,1649,,,,
Ohio,2017,8273,5030,528814,37.12,1645,,,,
Ohio,2018,8324,5079,550315,38.21,1639,,,,
Ohio,2019,8358,5110,573725,39.68,1636,,,,
Ohio,2020,7868,4802,555890,42.16,1639,,,,
Ohio,2021,8067,4915,609016,44.13,1641,,,,
Oklahoma,2007,2313,1372,114334,25.73,1687,,,,
Oklahoma,2008,2377,1387,127233,26.42,1713,,,,
Oklahoma,2009,2267,1332,112324,26.82,1702,,,,
Oklahoma,2010,2270,1318,117650,27.4,1722,,,,
Oklahoma,2011,2268,1331,128299,29.01,1705,,,,
Oklahoma,2012,2374,1379,136613,30.29,1722,,,,
Oklahoma,2013,2384,1409,143544,31.38,1692,,,,
Oklahoma,2014,2451,1438,156071,32.27,1704,,,,
Oklahoma,2015,2413,1435,145236,33.06,1681,,,,
Oklahoma,2016,2427,1436,139934,32.34,1691,,,,
Oklahoma,2017,2470,1442,148063,32.78,1713,,,,
Oklahoma,2018,2550,1488,158207,33.82,1713,,,,
Oklahoma,2019,2540,1479,158113,34.6,1718,,,,
Oklahoma,2020,2388,1416,140416,36.38,1687,,,,
Oklahoma,2021,2449,1448,156309,37.77,1691,,,,
Oregon,2007,2734,1655,123830,30.29,1652,,,,
Oregon,2008,2646,1627,126224,31.36,1627,,,,
Oregon,2009,2384,1499,120409,32.16,1591,,,,
Oregon,2010,2404,1477,123990,32.29,1628,,,,
Oregon,2011,2441,1508,129178,32.92,1619,,,,
Oregon,2012,2491,1544,133769,34.46,1613,,,,
Oregon,2013,2536,1569,137643,34.87,1616,,,,
Oregon,2014,2632,1620,144891,35.4,1625,,,,
Oregon,2015,2707,1663,155528,36.65,1628,,,,
Oregon,2016,2813,1729,164536,37.22,1627,,,,
Oregon,2017,2875,1759,173825,38.57,1635,,,,
Oregon,2018,2950,1805,185618,39.68,1634,,,,
Oregon,2019,2969,1834,192939,41.29,1619,,,,
Oregon,2020,2723,1705,188739,45.44,1597,,,,
Oregon,2021,2829,1768,208278,48.85,1600,,,,
Pennsylvania,2007,8933,5450,460970,32.45,1639,,,,
Pennsylvania,2008,8899,5454,478666,33.25,1632,,,,
Pennsylvania,2009,8394,5260,469939,34.37,1596,,,,
Pennsylvania,2010,8422,5232,490310,34.81,1610,,,,
Pennsylvania,2011,8560,5292,509255,35.69,1618,,,,
Pennsylvania,2012,8565,5326,531701,36.94,1608,,,,
Pennsylvania,2013,8611,5337,548994,37.36,1613,,,,
Pennsylvania,2014,8774,5404,572275,38.01,1624,,,,
Pennsylvania,2015,8942,5458,590238,38.99,1638,,,,
Pennsylvania,2016,8972,5521,602050,39.37,1625,,,,
Pennsylvania,2017,9036,5551,617888,40.61,1628,,,,
Pennsylvania,2018,9329,5684,642097,41.4,1641,,,,
Pennsylvania,2019,9422,5749,666142,42.82,1639,,,,
Pennsylvania,2020,8616,5256,637550,46.16,1639,,,,
Pennsylvania,2021,8865,5392,702670,48.45,1644,,,,
Rhode Island,2007,752,465,36362,31.26,1617,,,,
Rhode Island,2008,748,455,35678,31.78,1646,,,,
Rhode Island,2009,704,432,36279,32.15,1629,,,,
Rhode Island,2010,700,429,37772,33.48,1633,,,,
Rhode Island,2011,687,430,38322,34.61,1596,,,,
Rhode Island,2012,696,435,39906,35.13,1598,,,,
Rhode Island,2013,703,443,41164,36.1,1587,,,,
Rhode Island,2014,723,455,42550,37.15,1591,,,,
Rhode Island,2015,735,458,44288,38.09,1606,,,,
Rhode Island,2016,725,458,45138,38.98,1582,,,,
Rhode Island,2017,727,460,45297,39.9,1581,,,,
Rhode Island,2018,746,465,46475,40.28,1604,,,,
Rhode Island,2019,745,469,48182,41.62,1589,,,,
Rhode Island,2020,677,423,46965,45.27,1600,,,,
Rhode Island,2021,727,445,51755,46.11,1633,,,,
South Carolina,2007,3003,1727,124052,25.37,1738,,,,
South Carolina,2008,2949,1705,123336,26.53,1730,,,,
South Carolina,2009,2681,1596,120309,27.45,1680,,,,
South Carolina,2010,2662,1580,124254,27.84,1685,,,,
South Carolina,2011,2687,1590,129464,28.78,1690,,,,
South Carolina,2012,2752,1622,134249,28.91,1696,,,,
South Carolina,2013,2826,1670,140032,29.55,1692,,,,
South Carolina,2014,2852,1716,148243,30.69,1662,,,,
South Carolina,2015,2999,1786,158136,31.28,1679,,,,
South Carolina,2016,3056,1827,165553,31.98,1673,,,,
South Carolina,2017,3120,1860,171911,33.09,1678,,,,
South Carolina,2018,3196,1911,180579,33.73,1672,,,,
South Carolina,2019,3238,1951,189445,35.12,1660,,,,
South Carolina,2020,3007,1841,186484,37.72,1634,,,,
South Carolina,2021,3193,1928,208709,39.96,1656,,,,
South Dakota,2007,587,366,26525,23.99,1605,,,,
South Dakota,2008,586,369,27177,24.96,1590,,,,
South Dakota,2009,579,358,27161,24.93,1615,,,,
South Dakota,2010,585,356,28239,25.51,1642,,,,
South Dakota,2011,597,362,30067,26.52,1647,,,,
South Dakota,2012,621,369,32575,26.73,1684,,,,
South Dakota,2013,622,373,33070,27.29,1669,,,,
South Dakota,2014,623,375,35312,28.68,1664,,,,
South Dakota,2015,629,383,36919,30.06,1643,,,,
South Dakota,2016,635,388,38301,30.85,1638,,,,
South Dakota,2017,628,386,38961,32.33,1627,,,,
South Dakota,2018,628,387,40463,33.65,1623,,,,
South Dakota,2019,636,391,42108,34.87,1626,,,,
South Dakota,2020,630,382,42186,37.15,1649,,,,
South Dakota,2021,653,396,46126,38.97,1649,,,,
Tennessee,2007,4558,2660,203595,28.1,1714,,,,
Tennessee,2008,4491,2625,205602,28.86,1710,,,,
Tennessee,2009,4125,2422,201375,29,1703,,,,
Tennessee,2010,4099,2414,207709,29.81,1698,,,,
Tennessee,2011,4183,2463,217147,30.44,1698,,,,
Tennessee,2012,4253,2489,232303,31.51,1709,,,,
Tennessee,2013,4334,2564,239692,31.67,1690,,,,
Tennessee,2014,4456,2614,248870,32.05,1705,,,,
Tennessee,2015,4531,2668,266218,33.2,1698,,,,
Tennessee,2016,4725,2746,276382,33.35,1721,,,,
Tennessee,2017,4793,2809,287506,34.47,1706,,,,
Tennessee,2018,4888,2874,297419,35.71,1701,,,,
Tennessee,2019,4919,2914,310790,36.84,1688,,,,
Tennessee,2020,4720,2799,303463,39.47,1687,,,,
Tennessee,2021,4978,2925,348208,42.12,1702,,,,
Texas,2007,16806,9525,1000294,30.83,1764,,,,
Texas,2008,16952,9672,1046413,31.83,1753,,,,
Texas,2009,15894,9347,962988,32.7,1701,,,,
Texas,2010,16126,9313,1027684,33.01,1732,,,,
Texas,2011,16960,9584,1120044,33.3,1770,,,,
Texas,2012,17542,9982,1193276,35.04,1757,,,,
Texas,2013,18011,10226,1276141,35.49,1761,,,,
Texas,2014,18756,10597,1331515,36.62,1770,,,,
Texas,2015,19038,10871,1311959,37.82,1751,,,,
Texas,2016,19032,10989,1310116,38.16,1732,,,,
Texas,2017,19435,11221,1395877,39.24,1732,,,,
Texas,2018,20092,11535,1516396,40.47,1742,,,,
Texas,2019,20430,11764,1560354,42.1,1737,,,,
Texas,2020,19273,11191,1446967,44.4,1722,,,,
Texas,2021,20363,11749,1640005,46.7,1733,,,,
Utah,2007,1913,1142,91837,27.7,1675,,,,
Utah,2008,1883,1131,91980,28.85,1665,,,,
Utah,2009,1827,1067,88684,28.29,1713,,,,
Utah,2010,1786,1051,92489,28.99,1700,,,,
Utah,2011,1783,1060,98273,30.55,1682,,,,
Utah,2012,1846,1101,102409,31.12,1676,,,,
Utah,2013,1920,1147,107601,32,1674,,,,
Utah,2014,1967,1166,113316,32.48,1687,,,,
Utah,2015,2016,1211,119720,33.78,1664,,,,
Utah,2016,2096,1268,127026,34.55,1653,,,,
Utah,2017,2182,1313,135524,35.32,1662,,,,
Utah,2018,2258,1354,148647,37.11,1668,,,,
Utah,2019,2314,1402,159435,38.94,1650,,,,
Utah,2020,2236,1370,160516,42.37,1633,,,,
Utah,2021,2338,1446,181250,44.85,1617,,,,
Vermont,2007,480,295,18850,27.41,1627,,,,
Vermont,2008,482,292,19623,28.28,1650,,,,
Vermont,2009,452,278,19675,28.6,1624,,,,
Vermont,2010,451,276,20696,28.97,1634,,,,
Vermont,2011,456,281,21358,30.35,1621,,,,
Vermont,2012,465,286,22217,31.01,1624,,,,
Vermont,2013,469,288,22013,31.64,1626,,,,
Vermont,2014,456,285,22674,32.38,1599,,,,
Vermont,2015,465,292,23448,33.54,1595,,,,
Vermont,2016,468,290,24108,34.11,1610,,,,
Vermont,2017,467,291,24608,34.98,1607,,,,
Vermont,2018,469,292,25405,36.17,1603,,,,
Vermont,2019,468,290,26249,37.11,1615,,,,
Vermont,2020,421,262,25249,40.9,1608,,,,
Vermont,2021,432,270,27759,43.21,1599,,,,
Virginia,2007,5759,3383,289005,32.5,1703,,,,
Virginia,2008,5618,3331,293136,33.51,1687,,,,
Virginia,2009,5267,3167,297302,35.05,1663,,,,
Virginia,2010,5381,3157,309135,34.96,1705,,,,
Virginia,2011,5436,3189,315767,35.49,1705,,,,
Virginia,2012,5511,3262,325975,36.62,1690,,,,
Virginia,2013,5444,3274,335075,37.59,1663,,,,
Virginia,2014,5534,3305,340020,37.89,1674,,,,
Virginia,2015,5606,3344,355906,38.53,1676,,,,
Virginia,2016,5657,3380,365384,38.96,1674,,,,
Virginia,2017,5737,3448,376072,40.4,1664,,,,
Virginia,2018,5889,3528,395116,41.92,1669,,,,
Virginia,2019,5830,3552,413687,43.88,1641,,,,
Virginia,2020,5494,3375,405763,47.93,1628,,,,
Virginia,2021,5635,3438,442499,50.14,1639,,,,
Washington,2007,4562,2722,266088,33.55,1676,,,,
Washington,2008,4499,2714,271103,34.89,1658,,,,
Washington,2009,4254,2585,265927,35.56,1646,,,,
Washington,2010,4171,2559,277664,36.86,1630,,,,
Washington,2011,4268,2587,289585,37.51,1650,,,,
Washington,2012,4387,2653,308653,39.05,1654,,,,
Washington,2013,4396,2687,325203,40.1,1636,,,,
Washington,2014,4492,2734,343769,41.79,1643,,,,
Washington,2015,4656,2822,366419,42.6,1650,,,,
Washington,2016,4832,2906,382735,43.5,1663,,,,
Washington,2017,5033,3024,410307,45.52,1665,,,,
Washington,2018,5112,3071,448396,48.54,1665,,,,
Washington,2019,5218,3166,477235,51.25,1648,,,,
Washington,2020,4967,3001,479339,55.71,1655,,,,
Washington,2021,5055,3072,536310,60.82,1646,,,,
West Virginia,2007,1066,627,46033,24.84,1700,,,,
West Virginia,2008,1070,627,48824,26.07,1706,,,,
West Virginia,2009,1009,608,49061,27.11,1660,,,,
West Virginia,2010,1008,599,50905,27.23,1682,,,,
West Virginia,2011,1019,609,53951,28.8,1674,,,,
West Virginia,2012,1033,619,54510,29.59,1670,,,,
West Virginia,2013,1045,625,55544,29.78,1672,,,,
West Virginia,2014,1038,620,56717,29.85,1674,,,,
West Virginia,2015,1039,620,55062,30.5,1677,,,,
West Virginia,2016,1018,603,54585,29.92,1689,,,,
West Virginia,2017,1019,598,58380,31.24,1705,,,,
West Virginia,2018,1037,612,62217,33.34,1695,,,,
West Virginia,2019,1023,604,61771,33.48,1692,,,,
West Virginia,2020,936,554,57776,34.57,1688,,,,
West Virginia,2021,975,574,68246,36,1700,,,,
Wisconsin,2007,4198,2644,195836,30.27,1588,,,,
Wisconsin,2008,4204,2639,194629,31.04,1593,,,,
Wisconsin,2009,3907,2511,193582,32,1556,,,,
Wisconsin,2010,3926,2480,201009,31.87,1583,,,,
Wisconsin,2011,4014,2510,208888,32.65,1599,,,,
Wisconsin,2012,4080,2529,219111,33.09,1613,,,,
Wisconsin,2013,4169,2576,225879,33.77,1618,,,,
Wisconsin,2014,4244,2607,236242,34.04,1628,,,,
Wisconsin,2015,4288,2637,248173,35.12,1626,,,,
Wisconsin,2016,4363,2705,254755,35.7,1613,,,,
Wisconsin,2017,4465,2735,257929,36.5,1633,,,,
Wisconsin,2018,4456,2758,270164,38.23,1616,,,,
Wisconsin,2019,4409,2784,281294,40.08,1584,,,,
Wisconsin,2020,4158,2622,273224,42.4,1586,,,,
Wisconsin,2021,4343,2706,297550,44.58,1605,,,,
Wyoming,2007,431,247,30531,27.96,1746,,,,
Wyoming,2008,451,255,35808,29.09,1769,,,,
Wyoming,2009,410,240,28931,28.88,1711,,,,
Wyoming,2010,407,232,30029,29.46,1755,,,,
Wyoming,2011,412,236,31696,30.27,1748,,,,
Wyoming,2012,421,240,30714,31.25,1750,,,,
Wyoming,2013,421,242,30692,31.89,1740,,,,
Wyoming,2014,437,251,31454,33.13,1739,,,,
Wyoming,2015,417,245,29423,33.38,1702,,,,
Wyoming,2016,378,235,26851,33.99,1613,,,,
Wyoming,2017,385,232,27746,34.2,1656,,,,
Wyoming,2018,397,236,29664,35.08,1683,,,,
Wyoming,2019,411,240,30251,35.62,1714,,,,
Wyoming,2020,375,225,26841,37.32,1669,,,,
Wyoming,2021,392,233,31586,38.7,1679,,,,